"Code","Symbol","Industry","Board"
"MTSM.JK","Metro Supermarket","Unknown","Jakarta"
"INCI.JK","Intanwijaya Inter","Unknown","Jakarta"
"SQMI.JK","Allbond Makmur Us","Unknown","Jakarta"
"GGRM.JK","Gudang Garam Tbk","Unknown","Jakarta"
"CLPI.JK","Colorpak Indonesi","Unknown","Jakarta"
"RIMO.JK","Rimo Catur Lestar","Unknown","Jakarta"
"JAKA.JK","Jaka Inti Realtin","Unknown","Jakarta"
"SMMT.JK","Eatertainment Int","Unknown","Jakarta"
"DPNS.JK","Duta Pertiwi Nusa","Unknown","Jakarta"
"RELI.JK","Reliance Securiti","Unknown","Jakarta"
"BNBA.JK","Bank Bumi Arta Tb","Unknown","Jakarta"
"PLIN.JK","Plaza Indonesia R","Unknown","Jakarta"
"WOMF.JK","Wahana Ottomitra","Unknown","Jakarta"
"BAYU.JK","Bayu Buana Tbk","Unknown","Jakarta"
"ALFA.JK","Alfa Retailindo T","Unknown","Jakarta"
"UNTX.JK","Unitex Tbk.","Unknown","Jakarta"
"ERTX.JK","Eratex Djaja Tbk","Unknown","Jakarta"
"MYRX.JK","Hanson Internatio","Unknown","Jakarta"
"TSPC.JK","Tempo Scan Pacifi","Unknown","Jakarta"
"ASRI.JK","Alam Sutera Realt","Unknown","Jakarta"
"KBLI.JK","KMI Wire and Cabl","Unknown","Jakarta"
"SMMA.JK","Sinar Mas Multiar","Unknown","Jakarta"
"POOL.JK","Pool Advista Indo","Unknown","Jakarta"
"SPMA.JK","Suparma Tbk","Unknown","Jakarta"
"TBMS.JK","Tembaga Mulia Sem","Unknown","Jakarta"
"JPFA.JK","JAPFA Tbk","Unknown","Jakarta"
"MFIN.JK","Mandala Multifina","Unknown","Jakarta"
"JASS.JK","Jasa Angkasa Seme","Unknown","Jakarta"
"BEKS.JK","Bank Eksekutif In","Unknown","Jakarta"
"SONA.JK","Sona Topas Touris","Unknown","Jakarta"
"GMTD.JK","Gowa Makassar Tou","Unknown","Jakarta"
"CNTB.JK","Saham Seri B ( Ce","Unknown","Jakarta"
"TKIM.JK","Pabrik Kertas Tji","Unknown","Jakarta"
"BMRI.JK","Bank Mandiri (Per","Unknown","Jakarta"
"GJTL.JK","Gajah Tunggal Tbk","Unknown","Jakarta"
"CSAP-W.JK","Waran Catur Sento","Unknown","Jakarta"
"MITI.JK","Mitra Investindo","Unknown","Jakarta"
"LAPD-R.JK","LAPD-R.JK","Unknown","Unknown"
"CSAP.JK","Catur Sentosa Adi","Unknown","Jakarta"
"KREN.JK","Kresna Graha Seku","Unknown","Jakarta"
"FASW.JK","Fajar Surya Wises","Unknown","Jakarta"
"PANR.JK","Panorama Sentrawi","Unknown","Jakarta"
"SIMA.JK","Siwani Makmur Tbk","Unknown","Jakarta"
"BMSR.JK","Bintang Mitra Sem","Unknown","Jakarta"
"TRUB-W.JK","Waran Seri I Trub","Unknown","Jakarta"
"SMRA.JK","Summarecon Agung","Unknown","Jakarta"
"LCGP.JK","Laguna Cipta Griy","Unknown","Jakarta"
"ATPK.JK","ATPK Resources Tb","Unknown","Jakarta"
"SCPI.JK","Schering Plough I","Unknown","Jakarta"
"PAFI.JK","Panasia Filament","Unknown","Jakarta"
"INDR.JK","Indorama Syntetic","Unknown","Jakarta"
"SKBM.JK","Sekar Bumi Tbk.","Unknown","Jakarta"
"INAF.JK","Indofarma Tbk","Unknown","Jakarta"
"AQUA.JK","Aqua Golden Missi","Unknown","Jakarta"
"MAIN.JK","Malindo Feedmill","Unknown","Jakarta"
"APOL.JK","Arpeni Pratama Oc","Unknown","Jakarta"
"INRU.JK","Toba Pulp Lestari","Unknown","Jakarta"
"LTLS.JK","Lautan Luas Tbk","Unknown","Jakarta"
"PTRA.JK","New Century Devel","Unknown","Jakarta"
"APEX.JK","Apexindo Pratama","Unknown","Jakarta"
"BLTA.JK","Berlian Laju Tank","Unknown","Jakarta"
"CMNP.JK","Citra Marga Nusha","Unknown","Jakarta"
"TRIM.JK","Trimegah Securiti","Unknown","Jakarta"
"TBLA-W.JK","Waran Seri I Tuna","Unknown","Jakarta"
"MASA.JK","Multistrada Arah","Unknown","Jakarta"
"PEGE.JK","Panca Global Secu","Unknown","Jakarta"
"ANTM.JK","Aneka Tambang (Pe","Unknown","Jakarta"
"ICON.JK","Island Concepts I","Unknown","Jakarta"
"ITTG.JK","Leo Investments T","Unknown","Jakarta"
"MYRXP.JK","Saham Seri B Hans","Unknown","Jakarta"
"UNVR.JK","Unilever Indonesi","Unknown","Jakarta"
"PNIN.JK","Panin Insurance T","Unknown","Jakarta"
"JSPT.JK","Jakarta Setiabudi","Unknown","Jakarta"
"TRUS.JK","Trust Finance Ind","Unknown","Jakarta"
"PNIN-W.JK","Waran Seri IV Pan","Unknown","Jakarta"
"UNTR.JK","United Tractors T","Unknown","Jakarta"
"BTPN.JK","Bank Tabungan Pen","Unknown","Jakarta"
"MTDL.JK","Metrodata Electro","Unknown","Jakarta"
"BACA.JK","Bank Capital Indo","Unknown","Jakarta"
"TINS.JK","Timah Tbk","Unknown","Jakarta"
"SRSN.JK","Indo Acidatama Tb","Unknown","Jakarta"
"SAFE.JK","Steady Safe Tbk","Unknown","Jakarta"
"MEDC.JK","Medco Energi Inte","Unknown","Jakarta"
"PTRO.JK","Petrosea Tbk","Unknown","Jakarta"
"LPBN.JK","LPBN.JK","Unknown","Unknown"
"PYFA.JK","Pyridam Farma Tbk","Unknown","Jakarta"
"SULI.JK","Sumalindo Lestari","Unknown","Jakarta"
"KARW.JK","Karwell Indonesia","Unknown","Jakarta"
"DILD.JK","Intiland Developm","Unknown","Jakarta"
"ASDM.JK","Asuransi Dayin Mi","Unknown","Jakarta"
"SING.JK","Singer Indonesia","Unknown","Jakarta"
"LPPS.JK","Lippo Securities","Unknown","Jakarta"
"EKAD.JK","Ekadharma Interna","Unknown","Jakarta"
"ASRM.JK","Asuransi Ramayana","Unknown","Jakarta"
"ELTY-W.JK","Waran Seri I Bakr","Unknown","Jakarta"
"INTP.JK","Indocement Tungga","Unknown","Jakarta"
"BVIC.JK","Bank Victoria Int","Unknown","Jakarta"
"TMPO.JK","Tempo Inti Media","Unknown","Jakarta"
"R-LQ45X.JK","Premier ETF LQ-45","Unknown","Jakarta"
"LPPF.JK","Pacific Utama Tbk","Unknown","Jakarta"
"KBLV.JK","First Media Tbk.","Unknown","Jakarta"
"YPAS-W.JK","Waran Seri I Yana","Unknown","Jakarta"
"SMMA-W3.JK","Waran Seri III Si","Unknown","Jakarta"
"KIAS.JK","Keramika Indonesi","Unknown","Jakarta"
"COWL.JK","Cowell Developmen","Unknown","Jakarta"
"GDYR.JK","Goodyear Indonesi","Unknown","Jakarta"
"KIJA.JK","Kawasan Industri","Unknown","Jakarta"
"TMPI.JK","AGIS Tbk","Unknown","Jakarta"
"ANTA.JK","Anta Express Tour","Unknown","Jakarta"
"DEWA.JK","Darma Henwa Tbk","Unknown","Jakarta"
"INDX.JK","Indoexchange Tbk","Unknown","Jakarta"
"DKFT.JK","Duta Kirana Finan","Unknown","Jakarta"
"CTRP.JK","Ciputra Property","Unknown","Jakarta"
"IATA.JK","Indonesia Air Tra","Unknown","Jakarta"
"MYTX.JK","Apac Citra Center","Unknown","Jakarta"
"IGAR.JK","Kageo Igar Jaya T","Unknown","Jakarta"
"TBLA.JK","Tunas Baru Lampun","Unknown","Jakarta"
"NIPS.JK","Nipress Tbk","Unknown","Jakarta"
"CNKO.JK","Central Korporind","Unknown","Jakarta"
"RIGS.JK","Rig Tenders Tbk","Unknown","Jakarta"
"LMSH.JK","Lion Mesh P. Tbk","Unknown","Jakarta"
"HMSP.JK","H M Sampoerna Tbk","Unknown","Jakarta"
"BNBR-W.JK","Waran Seri I Bakr","Unknown","Jakarta"
"DSUC.JK","Daya Sakti Unggul","Unknown","Jakarta"
"MEGA.JK","Bank Mega Tbk","Unknown","Jakarta"
"BMTR.JK","Global Mediacom T","Unknown","Jakarta"
"SSIA.JK","Surya Semesta Int","Unknown","Jakarta"
"PNBN-W.JK","Waran Seri IV Ban","Unknown","Jakarta"
"CITA.JK","Cita Mineral Inve","Unknown","Jakarta"
"ABDA.JK","Asuransi Bina Dan","Unknown","Jakarta"
"SUGI.JK","Sugi Samapersada","Unknown","Jakarta"
"SKLT.JK","Sekar Laut Tbk","Unknown","Jakarta"
"TKGA.JK","Toko Gunung Agung","Unknown","Jakarta"
"MNCN.JK","Media Nusantara C","Unknown","Jakarta"
"BUDI-W.JK","Waran Seri I Budi","Unknown","Jakarta"
"AKKU.JK","Aneka Kemasindo U","Unknown","Jakarta"
"KBLM.JK","Kabelindo Murni T","Unknown","Jakarta"
"BBKP.JK","Bank Bukopin Tbk","Unknown","Jakarta"
"OCAP.JK","JJ NAB Capital Tb","Unknown","Jakarta"
"AUTO.JK","Astra Otoparts Tb","Unknown","Jakarta"
"CTTH.JK","Citatah Industri","Unknown","Jakarta"
"KBLV-W.JK","Waran Seri I Firs","Unknown","Jakarta"
"SDPC.JK","Millennium Pharma","Unknown","Jakarta"
"OKAS.JK","Ancora Indonesia","Unknown","Jakarta"
"KDSI.JK","Kedawung Setia In","Unknown","Jakarta"
"BABP.JK","Bank Bumiputera I","Unknown","Jakarta"
"ISAT.JK","Indosat Tbk","Unknown","Jakarta"
"RBMS.JK","Ristia Bintang Ma","Unknown","Jakarta"
"INPP.JK","Indonesian Paradi","Unknown","Jakarta"
"MIRA.JK","Mitra Rajasa Tbk","Unknown","Jakarta"
"LMAS.JK","Limas Centric Ind","Unknown","Jakarta"
"IDKM-W.JK","IDKM-W.JK","Unknown","Unknown"
"BCIC.JK","Bank Century Tbk","Unknown","Jakarta"
"BTEL.JK","Bakrie Telecom Tb","Unknown","Jakarta"
"BRAM.JK","Indo Kordsa Tbk","Unknown","Jakarta"
"RODA.JK","Royal Oak Develop","Unknown","Jakarta"
"LION.JK","Lion Metal Works","Unknown","Jakarta"
"UNIT.JK","Nusantara Inti Co","Unknown","Jakarta"
"DSFI.JK","Dharma Samudera F","Unknown","Jakarta"
"BKSW.JK","Bank Kesawan Tbk","Unknown","Jakarta"
"AGRO.JK","Bank Agroniaga Tb","Unknown","Jakarta"
"JTPE.JK","Jasuindo Tiga Per","Unknown","Jakarta"
"GEMA.JK","Gema Grahasarana","Unknown","Jakarta"
"PGAS.JK","Perusahaan Gas Ne","Unknown","Jakarta"
"CPRO-W3.JK","Waran Seri III Ce","Unknown","Jakarta"
"TCID.JK","Mandom Indonesia","Unknown","Jakarta"
"LAMI.JK","Lamicitra Nusanta","Unknown","Jakarta"
"BNLI.JK","Bank Permata Tbk","Unknown","Jakarta"
"BBIA.JK","BBIA.JK","Unknown","Unknown"
"HITS.JK","Humpuss Intermoda","Unknown","Jakarta"
"BRPT.JK","Barito Pacific Tb","Unknown","Jakarta"
"BNII.JK","Bank Internationa","Unknown","Jakarta"
"AMFG.JK","Asahimas Flat Gla","Unknown","Jakarta"
"BBNP.JK","Bank Nusantara Pa","Unknown","Jakarta"
"JSMR.JK","Jasa Marga (Perse","Unknown","Jakarta"
"SMDM.JK","Suryamas Dutamakm","Unknown","Jakarta"
"CPRO-W2.JK","Waran Seri II Cen","Unknown","Jakarta"
"RALS.JK","Ramayana Lestari","Unknown","Jakarta"
"INTA.JK","Intraco Penta Tbk","Unknown","Jakarta"
"ACES.JK","Ace Hardware Indo","Unknown","Jakarta"
"BFIN.JK","BFI Finance  Indo","Unknown","Jakarta"
"MAYA.JK","Bank Mayapada Tbk","Unknown","Jakarta"
"CPIN.JK","Charoen Pokphand","Unknown","Jakarta"
"TRST.JK","Trias Sentosa Tbk","Unknown","Jakarta"
"CPRO-W4.JK","Waran Seri IV Cen","Unknown","Jakarta"
"SQBB.JK","Bristol-Myers Squ","Unknown","Jakarta"
"TLKM.JK","Telekomunikasi In","Unknown","Jakarta"
"BBLD.JK","Buana Finance Tbk","Unknown","Jakarta"
"KPIG.JK","Global Land Devel","Unknown","Jakarta"
"DAVO.JK","Davomas Abadi Tbk","Unknown","Jakarta"
"NISP.JK","Bank OCBC NISP Tb","Unknown","Jakarta"
"SHID.JK","Hotel Sahid Jaya","Unknown","Jakarta"
"AHAP.JK","Asuransi Harta Am","Unknown","Jakarta"
"BATA.JK","Sepatu Bata Tbk","Unknown","Jakarta"
"INCF.JK","Indo Citra Financ","Unknown","Jakarta"
"SMMA-W2.JK","SMMA-W2.JK","Unknown","Unknown"
"KICI.JK","Kedaung Indah Can","Unknown","Jakarta"
"PRAS.JK","Prima Alloy Steel","Unknown","Jakarta"
"AMAG.JK","Asuransi Multi Ar","Unknown","Jakarta"
"TFCO.JK","Teijin Indonesia","Unknown","Jakarta"
"BTEL-W.JK","BTEL-W.JK","Unknown","Unknown"
"BBCA.JK","Bank Central Asia","Unknown","Jakarta"
"BNGA.JK","Bank CIMB Niaga T","Unknown","Jakarta"
"CKRA-W.JK","Waran Seri I Citr","Unknown","Jakarta"
"BCIC-W4.JK","BCIC-W4.JK","Unknown","Unknown"
"PNLF-W.JK","Waran Seri IV Pan","Unknown","Jakarta"
"TIRA.JK","Tira Austenite Tb","Unknown","Jakarta"
"BNGA-W.JK","BNGA-W.JK","Unknown","Unknown"
"CMPP.JK","Centris Multi Per","Unknown","Jakarta"
"TOTO.JK","Surya Toto Indone","Unknown","Jakarta"
"CFIN.JK","Clipan Finance In","Unknown","Jakarta"
"BATI.JK","BAT Indonesia Tbk","Unknown","Jakarta"
"WEHA-W.JK","Waran Seri I Pano","Unknown","Jakarta"
"KOIN-W.JK","Waran Seri I Koko","Unknown","Jakarta"
"IMAS.JK","Indomobil Sukses","Unknown","Jakarta"
"CPRO.JK","Central Proteinap","Unknown","Jakarta"
"EXCL.JK","Excelcomindo Prat","Unknown","Jakarta"
"BKSL.JK","Sentul City Tbk","Unknown","Jakarta"
"MTFN.JK","Capitalinc Invest","Unknown","Jakarta"
"GMCW.JK","Grahamas Citrawis","Unknown","Jakarta"
"KONI.JK","Perdana Bangun Pu","Unknown","Jakarta"
"SOBI.JK","Sorini Agro Asia","Unknown","Jakarta"
"SIPD.JK","Sierad Produce Tb","Unknown","Jakarta"
"EPMT.JK","Enseval Putra Meg","Unknown","Jakarta"
"TIRT.JK","Tirta Mahakam Res","Unknown","Jakarta"
"FAST.JK","Fast Food Indones","Unknown","Jakarta"
"AKPI.JK","Argha Karya Prima","Unknown","Jakarta"
"RODA-W.JK","Waran Seri II Roy","Unknown","Jakarta"
"MIRA-W.JK","Waran Seri I Mitr","Unknown","Jakarta"
"ETWA.JK","Eterindo Wahanata","Unknown","Jakarta"
"ZBRA.JK","Zebra Nusantara T","Unknown","Jakarta"
"AALI.JK","Astra Agro Lestar","Unknown","Jakarta"
"ADES.JK","Ades Waters Indon","Unknown","Jakarta"
"TRUB.JK","Truba Alam Manung","Unknown","Jakarta"
"MAMIP.JK","Mas Murni Tbk (Sa","Unknown","Jakarta"
"BDMN.JK","Bank Danamon Tbk","Unknown","Jakarta"
"CPRO-W.JK","Waran Seri I Cent","Unknown","Jakarta"
"JECC.JK","Jembo Cable Compa","Unknown","Jakarta"
"POLY.JK","Polysindo Eka Per","Unknown","Jakarta"
"PNLF.JK","Panin Life Tbk","Unknown","Jakarta"
"ITMA.JK","Itamaraya Gold In","Unknown","Jakarta"
"LSIP.JK","PP London Sumater","Unknown","Jakarta"
"LPGI.JK","Lippo General Ins","Unknown","Jakarta"
"WEHA.JK","Panorama Transpor","Unknown","Jakarta"
"TGKA.JK","Tigaraksa Satria","Unknown","Jakarta"
"BIPP.JK","Bhuwanatala Indah","Unknown","Jakarta"
"ASBI.JK","Asuransi Bintang","Unknown","Jakarta"
"BCIC-W5.JK","Waran Seri V Bank","Unknown","Jakarta"
"ELTY.JK","Bakrieland Develo","Unknown","Jakarta"
"FORU.JK","Fortune Indonesia","Unknown","Jakarta"
"AKRA.JK","AKR Corporindo Tb","Unknown","Jakarta"
"HDTX.JK","Panasia  Indosynt","Unknown","Jakarta"
"ULTJ.JK","Ultra Jaya Milk T","Unknown","Jakarta"
"BISI.JK","BISI Internationa","Unknown","Jakarta"
"BKDP.JK","Bukit Darmo Prope","Unknown","Jakarta"
"INDF.JK","Indofood Sukses M","Unknown","Jakarta"
"SGRO.JK","Sampoerna Agro Tb","Unknown","Jakarta"
"LPIN.JK","Multi Prima Sejah","Unknown","Jakarta"
"BSWD.JK","Bank Swadesi Tbk","Unknown","Jakarta"
"SIIP.JK","Suryainti Permata","Unknown","Jakarta"
"PTSN.JK","Sat Nusapersada T","Unknown","Jakarta"
"PUDP.JK","Pudjiadi Prestige","Unknown","Jakarta"
"PSAB.JK","Pelita Sejahtera","Unknown","Jakarta"
"PLAS.JK","Redland Asia Capi","Unknown","Jakarta"
"BAEK.JK","Bank Ekonomi Raha","Unknown","Jakarta"
"CFIN-W.JK","Waran Seri IV Cli","Unknown","Jakarta"
"FPNI.JK","Titan Kimia Nusan","Unknown","Jakarta"
"TOTL.JK","Total Bangun Pers","Unknown","Jakarta"
"WICO.JK","Wicaksana Oversea","Unknown","Jakarta"
"JPRS.JK","Jaya Pari Steel T","Unknown","Jakarta"
"MERK.JK","Merck Tbk","Unknown","Jakarta"
"IIKP.JK","Inti Agri Resourc","Unknown","Jakarta"
"GSMF.JK","Equity Developmen","Unknown","Jakarta"
"GPRA.JK","Perdana Gapurapri","Unknown","Jakarta"
"MDRN.JK","Modern Internasio","Unknown","Jakarta"
"CPDW.JK","Cipendawa Tbk","Unknown","Jakarta"
"HADE.JK","HD Capital Tbk","Unknown","Jakarta"
"DEWA-W.JK","Waran Seri I Darm","Unknown","Jakarta"
"SCCO.JK","Supreme Cable Man","Unknown","Jakarta"
"DNET.JK","Dyviacom Intrabum","Unknown","Jakarta"
"RDTX.JK","Roda Vivatex Tbk","Unknown","Jakarta"
"AIMS.JK","Akbar Indo Makmur","Unknown","Jakarta"
"INAI.JK","Indal Aluminium I","Unknown","Jakarta"
"MAPI.JK","Mitra Adiperkasa","Unknown","Jakarta"
"AISA.JK","Tiga Pilar Sejaht","Unknown","Jakarta"
"PWON.JK","Pakuwon Jati Tbk","Unknown","Jakarta"
"ARGO.JK","Argo Pantes Tbk","Unknown","Jakarta"
"BTEK.JK","Bumi Teknokultura","Unknown","Jakarta"
"ASJT.JK","Asuransi Jasa Tan","Unknown","Jakarta"
"AMAG-W.JK","Warrant Seri I As","Unknown","Jakarta"
"LAPD-W.JK","Waran Seri II Ley","Unknown","Jakarta"
"JIHD.JK","Jakarta Int l Hot","Unknown","Jakarta"
"BCAP.JK","Bhakti Capital In","Unknown","Jakarta"
"YPAS.JK","Yanaprima Hastape","Unknown","Jakarta"
"BIMA.JK","Primarindo Asia I","Unknown","Jakarta"
"IKBI.JK","Sumi Indo Kabel T","Unknown","Jakarta"
"SMGR.JK","Semen Gresik (Per","Unknown","Jakarta"
"INCO.JK","International Nic","Unknown","Jakarta"
"ITMG.JK","Indo Tambangraya","Unknown","Jakarta"
"SIMM.JK","Surya Intrindo Ma","Unknown","Jakarta"
"PICO.JK","Pelangi Indah Can","Unknown","Jakarta"
"SCMA.JK","Surya Citra Media","Unknown","Jakarta"
"BKDP-W.JK","Waran Seri I Buki","Unknown","Jakarta"
"LAPD.JK","Leyand Internatio","Unknown","Jakarta"
"SMDR.JK","Samudera Indonesi","Unknown","Jakarta"
"SDRA.JK","Bank Himpunan Sau","Unknown","Jakarta"
"MICE.JK","Multi Indocitra T","Unknown","Jakarta"
"IDKM.JK","Indosiar Karya Me","Unknown","Jakarta"
"LMPI.JK","Langgeng Makmur P","Unknown","Jakarta"
"ARTI.JK","Ratu Prabu Energi","Unknown","Jakarta"
"KLBF.JK","Kalbe Farma Tbk","Unknown","Jakarta"
"INPC.JK","Bank Artha Graha","Unknown","Jakarta"
"KAEF.JK","Kimia Farma Tbk","Unknown","Jakarta"
"WIKA.JK","Wijaya Karya (Per","Unknown","Jakarta"
"DUTI.JK","Duta Pertiwi Tbk","Unknown","Jakarta"
"AISA-R.JK","AISA-R.JK","Unknown","Unknown"
"VOKS.JK","Voksel Electric T","Unknown","Jakarta"
"PTSP.JK","Pioneerindo Gourm","Unknown","Jakarta"
"MACO.JK","Courts Indonesia","Unknown","Jakarta"
"PSKT.JK","Pusako Tarinka Tb","Unknown","Jakarta"
"SSTM.JK","Sunson Textile Ma","Unknown","Jakarta"
"MPPA-W.JK","Waran Seri I Mata","Unknown","Jakarta"
"ASIA.JK","Asia Natural Reso","Unknown","Jakarta"
"TURI.JK","Tunas Ridean Tbk","Unknown","Jakarta"
"CKRA.JK","Citra Kebun Raya","Unknown","Jakarta"
"MASA-W.JK","Waran Multistrada","Unknown","Jakarta"
"BUMI.JK","Bumi Resources Tb","Unknown","Jakarta"
"MAMI.JK","Mas Murni Indones","Unknown","Jakarta"
"PROD.JK","Sara Lee Body Car","Unknown","Jakarta"
"PANS.JK","Panin Sekuritas T","Unknown","Jakarta"
"MLBI.JK","Multi Bintang Ind","Unknown","Jakarta"
"BHIT.JK","Bhakti Investama","Unknown","Jakarta"
"BAPA-W.JK","Waran Seri I Beka","Unknown","Jakarta"
"ASGR.JK","Astra Graphia Tbk","Unknown","Jakarta"
"JRPT.JK","Jaya Real Propert","Unknown","Jakarta"
"TMAS.JK","Pelayaran Tempura","Unknown","Jakarta"
"WAPO.JK","Wahana Phonix Man","Unknown","Jakarta"
"SMCB.JK","Holcim Indonesia","Unknown","Jakarta"
"KARK-R.JK","KARK-R.JK","Unknown","Unknown"
"INDS.JK","Indospring Tbk","Unknown","Jakarta"
"ADHI.JK","Adhi Karya (Perse","Unknown","Jakarta"
"LPLI.JK","Star Pacific Tbk","Unknown","Jakarta"
"HERO.JK","Hero Supermarket","Unknown","Jakarta"
"BUKK.JK","Bukaka Teknik Uta","Unknown","Jakarta"
"KARK.JK","Dayaindo Resource","Unknown","Jakarta"
"MBAI.JK","Multibreeder Adir","Unknown","Jakarta"
"PWSI.JK","Panca Wiratama Sa","Unknown","Jakarta"
"META.JK","Nusantara Infrast","Unknown","Jakarta"
"UNSP-W.JK","Waran Seri I Bakr","Unknown","Jakarta"
"BNBR-R.JK","BNBR-R.JK","Unknown","Unknown"
"INTD.JK","Inter Delta Tbk","Unknown","Jakarta"
"CTRS.JK","Ciputra Surya Tbk","Unknown","Jakarta"
"PEGE-W.JK","Waran Seri I Panc","Unknown","Jakarta"
"DEFI.JK","Danasupra Erapaci","Unknown","Jakarta"
"TMPI-W.JK","Waran Seri II AGI","Unknown","Jakarta"
"BASS.JK","BASS.JK","Unknown","Unknown"
"BBNI.JK","Bank Negara Indon","Unknown","Jakarta"
"SCBD.JK","Danayasa Arthatam","Unknown","Jakarta"
"PSDN.JK","Prasidha Aneka Ni","Unknown","Jakarta"
"AKSI.JK","Asia Kapitalindo","Unknown","Jakarta"
"IATG.JK","Infoasia Teknolog","Unknown","Jakarta"
"KKGI.JK","Resource Alam Ind","Unknown","Jakarta"
"BUDI.JK","Budi Acid Jaya Tb","Unknown","Jakarta"
"OMRE.JK","Indonesia Prima P","Unknown","Jakarta"
"MLIA.JK","Mulia Industrindo","Unknown","Jakarta"
"MDLN.JK","Modernland Realty","Unknown","Jakarta"
"YULE.JK","Yulie Sekurindo T","Unknown","Jakarta"
"DART.JK","Duta Anggada Real","Unknown","Jakarta"
"DGIK.JK","Duta Graha Indah","Unknown","Jakarta"
"ARTA.JK","Arthavest Tbk","Unknown","Jakarta"
"MLPL.JK","Multipolar Tbk","Unknown","Jakarta"
"ARNA.JK","Arwana Citramulia","Unknown","Jakarta"
"RICY.JK","Ricky Putra Globa","Unknown","Jakarta"
"ASRI-W.JK","Waran Seri I Alam","Unknown","Jakarta"
"BVIC-W.JK","Waran Seri IV Ban","Unknown","Jakarta"
"TALFA.JK","Tunas Alfin Tbk.","Unknown","Jakarta"
"RUIS.JK","Radiant Utama Int","Unknown","Jakarta"
"ELSA.JK","Elnusa Tbk","Unknown","Jakarta"
"BNBR.JK","Bakrie & Brothers","Unknown","Jakarta"
"STTP.JK","Siantar TOP Tbk","Unknown","Jakarta"
"PNBN.JK","Bank Pan Indonesi","Unknown","Jakarta"
"JKSW.JK","Jakarta Kyoei Ste","Unknown","Jakarta"
"MRAT.JK","Mustika Ratu Tbk","Unknown","Jakarta"
"DOID.JK","Delta Dunia Petro","Unknown","Jakarta"
"PGLI.JK","Pembangunan Graha","Unknown","Jakarta"
"UNIC.JK","Unggul Indah Caha","Unknown","Jakarta"
"ALKA.JK","Alakasa Industrin","Unknown","Jakarta"
"KARK-W.JK","Waran Seri II Day","Unknown","Jakarta"
"CNTX.JK","Centex (Saham Pre","Unknown","Jakarta"
"FREN.JK","Mobile-8 Telecom","Unknown","Jakarta"
"PJAA.JK","Pembangunan Jaya","Unknown","Jakarta"
"MCOR.JK","Bank Windu Kentja","Unknown","Jakarta"
"DVLA.JK","Darya-Varia Labor","Unknown","Jakarta"
"BBLD-W.JK","BBLD-W.JK","Unknown","Unknown"
"KOIN.JK","Kokoh Inti Arebam","Unknown","Jakarta"
"ATPK-W.JK","Waran Seri I ATPK","Unknown","Jakarta"
"CEKA.JK","Cahaya Kalbar Tbk","Unknown","Jakarta"
"HEXA.JK","Hexindo Adiperkas","Unknown","Jakarta"
"ESTI.JK","Ever Shine Textil","Unknown","Jakarta"
"BAPA.JK","Bekasi Asri Pemul","Unknown","Jakarta"
"SMAR.JK","SMART Tbk","Unknown","Jakarta"
"ADMF.JK","Adira Dinamika Mu","Unknown","Jakarta"
"ENRG.JK","Energi Mega Persa","Unknown","Jakarta"
"PNSE.JK","Pudjiadi & Sons E","Unknown","Jakarta"
"ADMG.JK","Polychem Indonesi","Unknown","Jakarta"
"APLI.JK","Asiaplast Industr","Unknown","Jakarta"
"BRNA.JK","Berlina Tbk","Unknown","Jakarta"
"TALFB.JK","Tunas Alfin Tbk.","Unknown","Jakarta"
"FMII.JK","Fortune Mate Indo","Unknown","Jakarta"
"DLTA.JK","Delta Djakarta Tb","Unknown","Jakarta"
"CENT.JK","Centrin Online Tb","Unknown","Jakarta"
"SMSM.JK","Selamat Sempurna","Unknown","Jakarta"
"BABP-W.JK","Waran Seri I Bank","Unknown","Jakarta"
"IKAI.JK","Intikeramik Alama","Unknown","Jakarta"
"PKPK.JK","Perdana Karya Per","Unknown","Jakarta"
"UNSP.JK","Bakrie Sumatra Pl","Unknown","Jakarta"
"ABBA.JK","Abdi Bangsa Tbk","Unknown","Jakarta"
"BTON.JK","Betonjaya Manungg","Unknown","Jakarta"
"ARTA-W.JK","ARTA-W.JK","Unknown","Unknown"
"RMBA.JK","Bentoel Internati","Unknown","Jakarta"
"APIC.JK","Pan Pacific Inter","Unknown","Jakarta"
"FISH.JK","FKS Multi Agro Tb","Unknown","Jakarta"
"SMRA-W.JK","Waran Seri I Summ","Unknown","Jakarta"
"ASII.JK","Astra Internation","Unknown","Jakarta"
"INKP.JK","Indah Kiat Pulp &","Unknown","Jakarta"
"MYOR.JK","Mayora Indah Tbk","Unknown","Jakarta"
"LPKR.JK","Lippo Karawaci Tb","Unknown","Jakarta"
"MYOH.JK","Myoh Technology T","Unknown","Jakarta"
"CTRA-W.JK","Waran Seri I Cipu","Unknown","Jakarta"
"JKON.JK","Jaya Konstruksi M","Unknown","Jakarta"
"DYNA.JK","Dynaplast Tbk","Unknown","Jakarta"
"CTBN.JK","Citra Tubindo Tbk","Unknown","Jakarta"
"SAIP.JK","Surabaya Agung In","Unknown","Jakarta"
"SULI-W.JK","Waran Seri I Suma","Unknown","Jakarta"
"PBRX.JK","Pan Brothers Tex","Unknown","Jakarta"
"R-ABFII.JK","Asian Bond Fund -","Unknown","Jakarta"
"MPPA.JK","Matahari Putra Pr","Unknown","Jakarta"
"PTBA.JK","Tambang Batubara","Unknown","Jakarta"
"RAJA.JK","Rukun Raharja Tbk","Unknown","Jakarta"
"GPRA-W.JK","Waran Seri I Perd","Unknown","Jakarta"
"LPCK.JK","Lippo Cikarang Tb","Unknown","Jakarta"
"TRIL.JK","Triwira Insanlest","Unknown","Jakarta"
"BBRI.JK","Bank Rakyat Indon","Unknown","Jakarta"
"COWL-W.JK","Waran Seri I Cowe","Unknown","Jakarta"
"ALMI.JK","Alumindo Light Me","Unknown","Jakarta"
"MREI.JK","Maskapai Reasuran","Unknown","Jakarta"
"CTRA.JK","Ciputra Developme","Unknown","Jakarta"
"MLPL-W.JK","Waran Seri I Mult","Unknown","Jakarta"
"BIPI.JK","BENAKAT INTEGRA","Unknown","Jakarta"
